id,image,question,label,user_name,date
1,female_14587.jpg,Is this a girl,Yes,sreekarn,2021-09-26 13:29:59.497841
2,female_14791.jpg,Is this a girl,No,sreekarn,2021-09-26 13:30:02.345627
3,female_20434.jpg,Is this a girl,Yes,sreekarn,2021-09-26 13:30:02.627525
4,female_12323.jpg,Is this a girl,Yes,sreekarn,2021-09-26 13:30:03.021759
5,female_17475.jpg,Is this a girl,Yes,sreekarn,2021-09-26 13:30:03.458778
6,female_17878.jpg,Is this a girl,Yes,sreekarn,2021-09-26 13:30:03.711720
7,female_12928.jpg,Is this a girl,Yes,sreekarn,2021-09-26 13:30:03.988323
8,female_7349.jpg,Is this a girl,Yes,sreekarn,2021-09-26 13:30:04.285271
9,female_19101.jpg,Is this a girl,Yes,sreekarn,2021-09-26 13:30:04.646401
10,female_8278.jpg,Is this a girl,Yes,sreekarn,2021-09-26 13:30:04.956963
11,female_16193.jpg,Is this a girl,Yes,sreekarn,2021-09-26 13:30:13.433109
12,female_2386.jpg,Is this a girl,Yes,sreekarn,2021-09-26 13:30:13.702853
13,female_32812.jpg,Is this a girl,Yes,sreekarn,2021-09-26 13:30:13.919040
14,female_7613.jpg,Is this a girl,Yes,sreekarn,2021-09-26 13:30:14.124679
15,female_14368.jpg,Is this a girl,Yes,sreekarn,2021-09-26 13:30:14.320000
16,female_8092.jpg,Is this a girl,Yes,sreekarn,2021-09-26 13:30:14.554367
17,female_18022.jpg,Is this a girl,Yes,sreekarn,2021-09-26 13:30:14.999952
18,female_15512.jpg,Is this a girl,Yes,sreekarn,2021-09-26 13:30:15.291507
19,female_19062.jpg,Is this a girl,Yes,sreekarn,2021-09-26 13:30:15.614639
20,female_13567.jpg,Is this a girl,Yes,sreekarn,2021-09-26 13:30:15.900172
21,female_13215.jpg,Is this a girl,Yes,sreekarn,2021-09-26 13:30:16.196114
22,female_24446.jpg,Is this a girl,Yes,sreekarn,2021-09-26 13:30:16.469450
23,female_22769.jpg,Is this a girl,Yes,sreekarn,2021-09-26 13:30:16.875372
24,female_14230.jpg,Is this a girl,Yes,sreekarn,2021-09-26 13:30:17.254332
25,female_348.jpg,Is this a girl,Yes,sreekarn,2021-09-26 13:30:17.547346
26,female_27003.jpg,Is this a girl,Yes,sreekarn,2021-09-26 13:30:18.084431
27,female_12913.jpg,Is this a girl,Yes,sreekarn,2021-09-26 13:30:18.377163
28,female_4056.jpg,Is this a girl,Yes,sreekarn,2021-09-26 13:30:18.688658
29,female_14227.jpg,Is this a girl,Yes,sreekarn,2021-09-26 13:30:19.084019
30,female_14964.jpg,Is this a girl,Yes,sreekarn,2021-09-26 13:30:19.377692
31,female_16222.jpg,Is this a girl,Yes,sreekarn,2021-09-26 13:30:19.713143
32,female_6709.jpg,Is this a girl,Yes,sreekarn,2021-09-26 13:30:20.623089
33,female_22353.jpg,Is this a girl,Yes,sreekarn,2021-09-26 13:30:20.973345
34,female_16169.jpg,Is this a girl,No,sreekarn,2021-09-26 13:30:21.922616
35,female_28520.jpg,Is this a girl,Yes,sreekarn,2021-09-26 13:30:22.361728
36,female_31016.jpg,Is this a girl,Yes,sreekarn,2021-09-26 13:30:23.116445
37,female_11846.jpg,Is this a girl,Yes,sreekarn,2021-09-26 13:30:23.312746
38,female_4540.jpg,Is this a girl,Yes,sreekarn,2021-09-26 13:30:23.542343
39,female_15215.jpg,Is this a girl,Yes,sreekarn,2021-09-26 13:30:23.770413
40,female_12552.jpg,Is this a girl,Yes,sreekarn,2021-09-26 13:30:24.032836
41,female_5515.jpg,Is this a girl,Yes,sreekarn,2021-09-26 13:30:24.256270
42,female_14491.jpg,Is this a girl,Yes,sreekarn,2021-09-26 13:30:24.494999
43,female_9850.jpg,Is this a girl,Yes,sreekarn,2021-09-26 13:30:24.704035
44,female_12427.jpg,Is this a girl,Yes,sreekarn,2021-09-26 13:30:24.928808
45,female_28778.jpg,Is this a girl,Yes,sreekarn,2021-09-26 13:30:25.185322
46,female_33548.jpg,Is this a girl,Yes,sreekarn,2021-09-26 13:30:25.417461
47,female_5701.jpg,Is this a girl,Yes,sreekarn,2021-09-26 13:30:25.675360
48,female_28169.jpg,Is this a girl,Yes,sreekarn,2021-09-26 13:30:25.977062
49,female_9853.jpg,Is this a girl,Yes,sreekarn,2021-09-26 13:30:26.266330
50,female_14733.jpg,Is this a girl,Not Sure,sreekarn,2021-09-26 13:30:26.665390
51,female_18684.jpg,Is this a girl,Not Sure,sreekarn,2021-09-26 13:30:26.982104
52,female_12801.jpg,Is this a girl,Not Sure,sreekarn,2021-09-26 13:30:27.263872
53,female_2321.jpg,Is this a girl,Not Sure,sreekarn,2021-09-26 13:30:27.510562
54,female_20445.jpg,Is this a girl,Not Sure,sreekarn,2021-09-26 13:30:27.695442
55,female_13070.jpg,Is this a girl,Not Sure,sreekarn,2021-09-26 13:30:27.877048
56,female_13138.jpg,Is this a girl,Not Sure,sreekarn,2021-09-26 13:30:28.068786
57,female_11464.jpg,Is this a girl,Not Sure,sreekarn,2021-09-26 13:30:28.235681
58,female_19166.jpg,Is this a girl,Not Sure,sreekarn,2021-09-26 13:30:28.422494
59,female_4197.jpg,Is this a girl,Not Sure,sreekarn,2021-09-26 13:30:28.605328
60,female_7139.jpg,Is this a girl,Not Sure,sreekarn,2021-09-26 13:30:28.792606
61,female_13099.jpg,Is this a girl,Not Sure,sreekarn,2021-09-26 13:30:29.098039
62,female_14245.jpg,Is this a girl,Yes,sreekarn,2021-09-26 13:29:11.389737
63,female_11898.jpg,Is this a girl,No,sreekarn,2021-09-26 13:29:36.059657
